audit_id,date,branch_id,compliance_score,violation_flag
AUD000000001,2025-01-01,B001,91.78,0
AUD000000002,2025-01-01,B002,91.73,0
AUD000000003,2025-01-01,B003,87.93,0
AUD000000004,2025-01-01,B004,89.65,0
AUD000000005,2025-01-01,B005,94.74,0
AUD000000006,2025-01-02,B001,91.00,0
AUD000000007,2025-01-02,B002,92.22,0
AUD000000008,2025-01-02,B003,86.69,0
AUD000000009,2025-01-02,B004,90.80,0
AUD000000010,2025-01-02,B005,87.81,0
AUD000000011,2025-01-03,B001,92.79,0
AUD000000012,2025-01-03,B002,92.48,0
AUD000000013,2025-01-03,B003,86.95,0
AUD000000014,2025-01-03,B004,93.08,0
AUD000000015,2025-01-03,B005,92.27,0
AUD000000016,2025-01-04,B001,94.71,0
AUD000000017,2025-01-04,B002,87.39,0
AUD000000018,2025-01-04,B003,87.61,0
AUD000000019,2025-01-04,B004,94.35,0
AUD000000020,2025-01-04,B005,92.96,0
AUD000000021,2025-01-05,B001,94.16,0
AUD000000022,2025-01-05,B002,90.12,0
AUD000000023,2025-01-05,B003,92.90,0
AUD000000024,2025-01-05,B004,89.34,0
AUD000000025,2025-01-05,B005,88.28,0
AUD000000026,2025-01-06,B001,86.89,0
AUD000000027,2025-01-06,B002,91.34,0
AUD000000028,2025-01-06,B003,93.34,0
AUD000000029,2025-01-06,B004,85.82,0
AUD000000030,2025-01-06,B005,75.54,1
AUD000000031,2025-01-07,B001,81.83,1
AUD000000032,2025-01-07,B002,90.96,0
AUD000000033,2025-01-07,B003,84.50,1
AUD000000034,2025-01-07,B004,93.70,0
AUD000000035,2025-01-07,B005,92.10,0
AUD000000036,2025-01-08,B001,98.61,0
AUD000000037,2025-01-08,B002,86.59,0
AUD000000038,2025-01-08,B003,91.01,0
AUD000000039,2025-01-08,B004,90.44,0
AUD000000040,2025-01-08,B005,92.81,0
AUD000000041,2025-01-09,B001,89.60,0
AUD000000042,2025-01-09,B002,90.74,0
AUD000000043,2025-01-09,B003,86.49,0
AUD000000044,2025-01-09,B004,88.96,0
AUD000000045,2025-01-09,B005,94.50,0
AUD000000046,2025-01-10,B001,93.77,0
AUD000000047,2025-01-10,B002,87.86,0
AUD000000048,2025-01-10,B003,94.42,0
AUD000000049,2025-01-10,B004,93.19,0
AUD000000050,2025-01-10,B005,91.54,0
AUD000000051,2025-01-11,B001,91.30,0
AUD000000052,2025-01-11,B002,92.73,0
AUD000000053,2025-01-11,B003,92.68,0
AUD000000054,2025-01-11,B004,88.74,0
AUD000000055,2025-01-11,B005,88.23,0
AUD000000056,2025-01-12,B001,91.94,0
AUD000000057,2025-01-12,B002,88.77,0
AUD000000058,2025-01-12,B003,93.02,0
AUD000000059,2025-01-12,B004,91.71,0
AUD000000060,2025-01-12,B005,88.56,0
AUD000000061,2025-01-13,B001,87.82,0
AUD000000062,2025-01-13,B002,94.99,0
AUD000000063,2025-01-13,B003,96.45,0
AUD000000064,2025-01-13,B004,84.13,1
AUD000000065,2025-01-13,B005,95.09,0
AUD000000066,2025-01-14,B001,84.96,1
AUD000000067,2025-01-14,B002,94.80,0
AUD000000068,2025-01-14,B003,95.30,0
AUD000000069,2025-01-14,B004,93.79,0
AUD000000070,2025-01-14,B005,99.80,0
AUD000000071,2025-01-15,B001,90.58,0
AUD000000072,2025-01-15,B002,91.56,0
AUD000000073,2025-01-15,B003,95.32,0
AUD000000074,2025-01-15,B004,94.45,0
AUD000000075,2025-01-15,B005,97.99,0
AUD000000076,2025-01-16,B001,88.32,0
AUD000000077,2025-01-16,B002,92.49,0
AUD000000078,2025-01-16,B003,93.93,0
AUD000000079,2025-01-16,B004,89.06,0
AUD000000080,2025-01-16,B005,92.72,0
AUD000000081,2025-01-17,B001,95.50,0
AUD000000082,2025-01-17,B002,89.63,0
AUD000000083,2025-01-17,B003,95.34,0
AUD000000084,2025-01-17,B004,89.29,0
AUD000000085,2025-01-17,B005,92.33,0
AUD000000086,2025-01-18,B001,92.01,0
AUD000000087,2025-01-18,B002,91.35,0
AUD000000088,2025-01-18,B003,98.65,0
AUD000000089,2025-01-18,B004,91.47,0
AUD000000090,2025-01-18,B005,87.52,0
AUD000000091,2025-01-19,B001,83.90,1
AUD000000092,2025-01-19,B002,81.03,1
AUD000000093,2025-01-19,B003,87.85,0
AUD000000094,2025-01-19,B004,83.99,1
AUD000000095,2025-01-19,B005,89.18,0
AUD000000096,2025-01-20,B001,93.34,0
AUD000000097,2025-01-20,B002,95.06,0
AUD000000098,2025-01-20,B003,94.18,0
AUD000000099,2025-01-20,B004,88.29,0
AUD000000100,2025-01-20,B005,93.41,0
AUD000000101,2025-01-21,B001,92.49,0
AUD000000102,2025-01-21,B002,94.47,0
AUD000000103,2025-01-21,B003,89.32,0
AUD000000104,2025-01-21,B004,87.82,0
AUD000000105,2025-01-21,B005,84.33,1
AUD000000106,2025-01-22,B001,92.93,0
AUD000000107,2025-01-22,B002,92.58,0
AUD000000108,2025-01-22,B003,94.22,0
AUD000000109,2025-01-22,B004,96.00,0
AUD000000110,2025-01-22,B005,94.76,0
AUD000000111,2025-01-23,B001,90.89,0
AUD000000112,2025-01-23,B002,95.50,0
AUD000000113,2025-01-23,B003,82.86,1
AUD000000114,2025-01-23,B004,92.43,0
AUD000000115,2025-01-23,B005,84.76,1
AUD000000116,2025-01-24,B001,92.39,0
AUD000000117,2025-01-24,B002,79.64,1
AUD000000118,2025-01-24,B003,90.01,0
AUD000000119,2025-01-24,B004,91.44,0
AUD000000120,2025-01-24,B005,91.33,0
AUD000000121,2025-01-25,B001,95.61,0
AUD000000122,2025-01-25,B002,91.22,0
AUD000000123,2025-01-25,B003,98.04,0
AUD000000124,2025-01-25,B004,93.17,0
AUD000000125,2025-01-25,B005,90.15,0
AUD000000126,2025-01-26,B001,95.96,0
AUD000000127,2025-01-26,B002,95.53,0
AUD000000128,2025-01-26,B003,77.17,1
AUD000000129,2025-01-26,B004,83.22,1
AUD000000130,2025-01-26,B005,91.15,0
AUD000000131,2025-01-27,B001,94.68,0
AUD000000132,2025-01-27,B002,90.52,0
AUD000000133,2025-01-27,B003,92.32,0
AUD000000134,2025-01-27,B004,95.28,0
AUD000000135,2025-01-27,B005,91.01,0
AUD000000136,2025-01-28,B001,85.16,0
AUD000000137,2025-01-28,B002,84.87,1
AUD000000138,2025-01-28,B003,89.76,0
AUD000000139,2025-01-28,B004,91.76,0
AUD000000140,2025-01-28,B005,94.32,0
AUD000000141,2025-01-29,B001,92.25,0
AUD000000142,2025-01-29,B002,92.89,0
AUD000000143,2025-01-29,B003,96.67,0
AUD000000144,2025-01-29,B004,95.03,0
AUD000000145,2025-01-29,B005,91.77,0
AUD000000146,2025-01-30,B001,91.51,0
AUD000000147,2025-01-30,B002,94.62,0
AUD000000148,2025-01-30,B003,88.05,0
AUD000000149,2025-01-30,B004,95.45,0
AUD000000150,2025-01-30,B005,95.45,0
AUD000000151,2025-01-31,B001,86.88,0
AUD000000152,2025-01-31,B002,95.36,0
AUD000000153,2025-01-31,B003,90.52,0
AUD000000154,2025-01-31,B004,89.51,0
AUD000000155,2025-01-31,B005,97.89,0
AUD000000156,2025-02-01,B001,89.40,0
AUD000000157,2025-02-01,B002,97.07,0
AUD000000158,2025-02-01,B003,87.90,0
AUD000000159,2025-02-01,B004,91.17,0
AUD000000160,2025-02-01,B005,93.11,0
AUD000000161,2025-02-02,B001,89.19,0
AUD000000162,2025-02-02,B002,88.80,0
AUD000000163,2025-02-02,B003,94.98,0
AUD000000164,2025-02-02,B004,92.59,0
AUD000000165,2025-02-02,B005,91.26,0
AUD000000166,2025-02-03,B001,88.71,0
AUD000000167,2025-02-03,B002,94.19,0
AUD000000168,2025-02-03,B003,95.79,0
AUD000000169,2025-02-03,B004,92.80,0
AUD000000170,2025-02-03,B005,82.48,1
AUD000000171,2025-02-04,B001,88.50,0
AUD000000172,2025-02-04,B002,90.71,0
AUD000000173,2025-02-04,B003,99.80,0
AUD000000174,2025-02-04,B004,90.01,0
AUD000000175,2025-02-04,B005,96.19,0
AUD000000176,2025-02-05,B001,88.75,0
AUD000000177,2025-02-05,B002,91.91,0
AUD000000178,2025-02-05,B003,86.41,0
AUD000000179,2025-02-05,B004,93.49,0
AUD000000180,2025-02-05,B005,94.38,0
AUD000000181,2025-02-06,B001,94.49,0
AUD000000182,2025-02-06,B002,79.89,1
AUD000000183,2025-02-06,B003,99.36,0
AUD000000184,2025-02-06,B004,90.89,0
AUD000000185,2025-02-06,B005,89.81,0
AUD000000186,2025-02-07,B001,89.10,0
AUD000000187,2025-02-07,B002,89.10,0
AUD000000188,2025-02-07,B003,96.59,0
AUD000000189,2025-02-07,B004,87.47,0
AUD000000190,2025-02-07,B005,92.65,0
AUD000000191,2025-02-08,B001,92.00,0
AUD000000192,2025-02-08,B002,93.90,0
AUD000000193,2025-02-08,B003,88.62,0
AUD000000194,2025-02-08,B004,92.79,0
AUD000000195,2025-02-08,B005,93.29,0
AUD000000196,2025-02-09,B001,88.08,0
AUD000000197,2025-02-09,B002,88.76,0
AUD000000198,2025-02-09,B003,79.26,1
AUD000000199,2025-02-09,B004,90.18,0
AUD000000200,2025-02-09,B005,95.11,0
AUD000000201,2025-02-10,B001,85.62,0
AUD000000202,2025-02-10,B002,90.89,0
AUD000000203,2025-02-10,B003,87.98,0
AUD000000204,2025-02-10,B004,83.47,1
AUD000000205,2025-02-10,B005,97.31,0
AUD000000206,2025-02-11,B001,91.74,0
AUD000000207,2025-02-11,B002,95.95,0
AUD000000208,2025-02-11,B003,90.53,0
AUD000000209,2025-02-11,B004,92.64,0
AUD000000210,2025-02-11,B005,94.55,0
AUD000000211,2025-02-12,B001,92.36,0
AUD000000212,2025-02-12,B002,93.82,0
AUD000000213,2025-02-12,B003,89.42,0
AUD000000214,2025-02-12,B004,94.45,0
AUD000000215,2025-02-12,B005,76.73,1
AUD000000216,2025-02-13,B001,91.11,0
AUD000000217,2025-02-13,B002,90.49,0
AUD000000218,2025-02-13,B003,88.67,0
AUD000000219,2025-02-13,B004,92.99,0
AUD000000220,2025-02-13,B005,94.02,0
AUD000000221,2025-02-14,B001,87.10,0
AUD000000222,2025-02-14,B002,95.04,0
AUD000000223,2025-02-14,B003,96.61,0
AUD000000224,2025-02-14,B004,90.69,0
AUD000000225,2025-02-14,B005,94.37,0
AUD000000226,2025-02-15,B001,88.08,0
AUD000000227,2025-02-15,B002,87.57,0
AUD000000228,2025-02-15,B003,93.81,0
AUD000000229,2025-02-15,B004,96.77,0
AUD000000230,2025-02-15,B005,88.10,0
AUD000000231,2025-02-16,B001,91.12,0
AUD000000232,2025-02-16,B002,98.06,0
AUD000000233,2025-02-16,B003,91.50,0
AUD000000234,2025-02-16,B004,81.54,1
AUD000000235,2025-02-16,B005,92.71,0
AUD000000236,2025-02-17,B001,93.52,0
AUD000000237,2025-02-17,B002,96.35,0
AUD000000238,2025-02-17,B003,92.61,0
AUD000000239,2025-02-17,B004,91.40,0
AUD000000240,2025-02-17,B005,91.70,0
AUD000000241,2025-02-18,B001,91.69,0
AUD000000242,2025-02-18,B002,89.98,0
AUD000000243,2025-02-18,B003,87.64,0
AUD000000244,2025-02-18,B004,94.45,0
AUD000000245,2025-02-18,B005,93.11,0
AUD000000246,2025-02-19,B001,93.21,0
AUD000000247,2025-02-19,B002,95.45,0
AUD000000248,2025-02-19,B003,80.31,1
AUD000000249,2025-02-19,B004,86.02,0
AUD000000250,2025-02-19,B005,91.73,0
AUD000000251,2025-02-20,B001,89.45,0
AUD000000252,2025-02-20,B002,94.19,0
AUD000000253,2025-02-20,B003,88.19,0
AUD000000254,2025-02-20,B004,91.45,0
AUD000000255,2025-02-20,B005,93.38,0
AUD000000256,2025-02-21,B001,91.88,0
AUD000000257,2025-02-21,B002,90.31,0
AUD000000258,2025-02-21,B003,92.81,0
AUD000000259,2025-02-21,B004,99.73,0
AUD000000260,2025-02-21,B005,88.00,0
AUD000000261,2025-02-22,B001,88.12,0
AUD000000262,2025-02-22,B002,92.54,0
AUD000000263,2025-02-22,B003,96.92,0
AUD000000264,2025-02-22,B004,94.12,0
AUD000000265,2025-02-22,B005,92.70,0
AUD000000266,2025-02-23,B001,90.58,0
AUD000000267,2025-02-23,B002,95.67,0
AUD000000268,2025-02-23,B003,90.03,0
AUD000000269,2025-02-23,B004,95.98,0
AUD000000270,2025-02-23,B005,90.99,0
AUD000000271,2025-02-24,B001,94.78,0
AUD000000272,2025-02-24,B002,80.67,1
AUD000000273,2025-02-24,B003,91.57,0
AUD000000274,2025-02-24,B004,93.46,0
AUD000000275,2025-02-24,B005,91.50,0
AUD000000276,2025-02-25,B001,95.25,0
AUD000000277,2025-02-25,B002,90.09,0
AUD000000278,2025-02-25,B003,92.21,0
AUD000000279,2025-02-25,B004,87.76,0
AUD000000280,2025-02-25,B005,81.06,1
AUD000000281,2025-02-26,B001,95.16,0
AUD000000282,2025-02-26,B002,99.80,0
AUD000000283,2025-02-26,B003,93.40,0
AUD000000284,2025-02-26,B004,93.90,0
AUD000000285,2025-02-26,B005,89.02,0
AUD000000286,2025-02-27,B001,85.74,0
AUD000000287,2025-02-27,B002,94.18,0
AUD000000288,2025-02-27,B003,90.71,0
AUD000000289,2025-02-27,B004,88.85,0
AUD000000290,2025-02-27,B005,96.29,0
AUD000000291,2025-02-28,B001,90.07,0
AUD000000292,2025-02-28,B002,92.51,0
AUD000000293,2025-02-28,B003,85.11,0
AUD000000294,2025-02-28,B004,91.16,0
AUD000000295,2025-02-28,B005,92.13,0
AUD000000296,2025-03-01,B001,88.50,0
AUD000000297,2025-03-01,B002,96.12,0
AUD000000298,2025-03-01,B003,88.37,0
AUD000000299,2025-03-01,B004,89.34,0
AUD000000300,2025-03-01,B005,93.99,0
AUD000000301,2025-03-02,B001,89.35,0
AUD000000302,2025-03-02,B002,88.61,0
AUD000000303,2025-03-02,B003,94.65,0
AUD000000304,2025-03-02,B004,91.02,0
AUD000000305,2025-03-02,B005,95.41,0
AUD000000306,2025-03-03,B001,84.85,1
AUD000000307,2025-03-03,B002,91.70,0
AUD000000308,2025-03-03,B003,91.14,0
AUD000000309,2025-03-03,B004,86.69,0
AUD000000310,2025-03-03,B005,94.31,0
AUD000000311,2025-03-04,B001,91.13,0
AUD000000312,2025-03-04,B002,86.67,0
AUD000000313,2025-03-04,B003,96.41,0
AUD000000314,2025-03-04,B004,91.69,0
AUD000000315,2025-03-04,B005,96.15,0
AUD000000316,2025-03-05,B001,94.24,0
AUD000000317,2025-03-05,B002,89.09,0
AUD000000318,2025-03-05,B003,92.30,0
AUD000000319,2025-03-05,B004,88.77,0
AUD000000320,2025-03-05,B005,82.75,1
AUD000000321,2025-03-06,B001,85.58,0
AUD000000322,2025-03-06,B002,92.38,0
AUD000000323,2025-03-06,B003,90.27,0
AUD000000324,2025-03-06,B004,98.97,0
AUD000000325,2025-03-06,B005,93.58,0
AUD000000326,2025-03-07,B001,87.10,0
AUD000000327,2025-03-07,B002,92.73,0
AUD000000328,2025-03-07,B003,91.46,0
AUD000000329,2025-03-07,B004,88.22,0
AUD000000330,2025-03-07,B005,89.10,0
AUD000000331,2025-03-08,B001,91.02,0
AUD000000332,2025-03-08,B002,91.64,0
AUD000000333,2025-03-08,B003,91.78,0
AUD000000334,2025-03-08,B004,91.50,0
AUD000000335,2025-03-08,B005,94.36,0
AUD000000336,2025-03-09,B001,83.30,1
AUD000000337,2025-03-09,B002,95.39,0
AUD000000338,2025-03-09,B003,93.57,0
AUD000000339,2025-03-09,B004,99.48,0
AUD000000340,2025-03-09,B005,96.37,0
AUD000000341,2025-03-10,B001,87.06,0
AUD000000342,2025-03-10,B002,82.44,1
AUD000000343,2025-03-10,B003,95.03,0
AUD000000344,2025-03-10,B004,91.40,0
AUD000000345,2025-03-10,B005,95.41,0
AUD000000346,2025-03-11,B001,92.81,0
AUD000000347,2025-03-11,B002,87.14,0
AUD000000348,2025-03-11,B003,92.03,0
AUD000000349,2025-03-11,B004,88.69,0
AUD000000350,2025-03-11,B005,91.57,0
AUD000000351,2025-03-12,B001,93.46,0
AUD000000352,2025-03-12,B002,89.06,0
AUD000000353,2025-03-12,B003,93.50,0
AUD000000354,2025-03-12,B004,82.63,1
AUD000000355,2025-03-12,B005,92.70,0
AUD000000356,2025-03-13,B001,91.09,0
AUD000000357,2025-03-13,B002,88.09,0
AUD000000358,2025-03-13,B003,90.56,0
AUD000000359,2025-03-13,B004,91.25,0
AUD000000360,2025-03-13,B005,86.66,0
AUD000000361,2025-03-14,B001,99.80,0
AUD000000362,2025-03-14,B002,93.22,0
AUD000000363,2025-03-14,B003,97.10,0
AUD000000364,2025-03-14,B004,91.86,0
AUD000000365,2025-03-14,B005,90.96,0
AUD000000366,2025-03-15,B001,94.88,0
AUD000000367,2025-03-15,B002,99.77,0
AUD000000368,2025-03-15,B003,86.23,0
AUD000000369,2025-03-15,B004,91.23,0
AUD000000370,2025-03-15,B005,91.01,0
AUD000000371,2025-03-16,B001,91.19,0
AUD000000372,2025-03-16,B002,94.06,0
AUD000000373,2025-03-16,B003,94.90,0
AUD000000374,2025-03-16,B004,86.69,0
AUD000000375,2025-03-16,B005,89.37,0
AUD000000376,2025-03-17,B001,92.88,0
AUD000000377,2025-03-17,B002,94.83,0
AUD000000378,2025-03-17,B003,92.49,0
AUD000000379,2025-03-17,B004,91.00,0
AUD000000380,2025-03-17,B005,85.57,0
AUD000000381,2025-03-18,B001,86.34,0
AUD000000382,2025-03-18,B002,89.90,0
AUD000000383,2025-03-18,B003,89.75,0
AUD000000384,2025-03-18,B004,93.52,0
AUD000000385,2025-03-18,B005,88.33,0
AUD000000386,2025-03-19,B001,84.80,1
AUD000000387,2025-03-19,B002,89.45,0
AUD000000388,2025-03-19,B003,87.73,0
AUD000000389,2025-03-19,B004,88.48,0
AUD000000390,2025-03-19,B005,97.00,0
AUD000000391,2025-03-20,B001,88.10,0
AUD000000392,2025-03-20,B002,93.56,0
AUD000000393,2025-03-20,B003,94.02,0
AUD000000394,2025-03-20,B004,89.09,0
AUD000000395,2025-03-20,B005,90.82,0
AUD000000396,2025-03-21,B001,95.33,0
AUD000000397,2025-03-21,B002,91.85,0
AUD000000398,2025-03-21,B003,99.67,0
AUD000000399,2025-03-21,B004,93.29,0
AUD000000400,2025-03-21,B005,94.30,0
AUD000000401,2025-03-22,B001,85.90,0
AUD000000402,2025-03-22,B002,89.86,0
AUD000000403,2025-03-22,B003,90.63,0
AUD000000404,2025-03-22,B004,90.00,0
AUD000000405,2025-03-22,B005,93.46,0
AUD000000406,2025-03-23,B001,93.36,0
AUD000000407,2025-03-23,B002,94.68,0
AUD000000408,2025-03-23,B003,86.19,0
AUD000000409,2025-03-23,B004,85.64,0
AUD000000410,2025-03-23,B005,86.34,0
AUD000000411,2025-03-24,B001,91.09,0
AUD000000412,2025-03-24,B002,91.82,0
AUD000000413,2025-03-24,B003,95.88,0
AUD000000414,2025-03-24,B004,88.67,0
AUD000000415,2025-03-24,B005,91.38,0
AUD000000416,2025-03-25,B001,96.39,0
AUD000000417,2025-03-25,B002,92.42,0
AUD000000418,2025-03-25,B003,83.11,1
AUD000000419,2025-03-25,B004,93.98,0
AUD000000420,2025-03-25,B005,90.93,0
AUD000000421,2025-03-26,B001,94.38,0
AUD000000422,2025-03-26,B002,98.03,0
AUD000000423,2025-03-26,B003,88.24,0
AUD000000424,2025-03-26,B004,86.66,0
AUD000000425,2025-03-26,B005,94.29,0
AUD000000426,2025-03-27,B001,85.79,0
AUD000000427,2025-03-27,B002,87.24,0
AUD000000428,2025-03-27,B003,94.75,0
AUD000000429,2025-03-27,B004,95.52,0
AUD000000430,2025-03-27,B005,91.21,0
AUD000000431,2025-03-28,B001,88.87,0
AUD000000432,2025-03-28,B002,90.07,0
AUD000000433,2025-03-28,B003,77.97,1
AUD000000434,2025-03-28,B004,92.00,0
AUD000000435,2025-03-28,B005,89.30,0
AUD000000436,2025-03-29,B001,90.96,0
AUD000000437,2025-03-29,B002,92.77,0
AUD000000438,2025-03-29,B003,93.05,0
AUD000000439,2025-03-29,B004,93.57,0
AUD000000440,2025-03-29,B005,83.88,1
AUD000000441,2025-03-30,B001,89.51,0
AUD000000442,2025-03-30,B002,83.78,1
AUD000000443,2025-03-30,B003,92.38,0
AUD000000444,2025-03-30,B004,92.62,0
AUD000000445,2025-03-30,B005,90.84,0
AUD000000446,2025-03-31,B001,91.79,0
AUD000000447,2025-03-31,B002,93.36,0
AUD000000448,2025-03-31,B003,98.27,0
AUD000000449,2025-03-31,B004,73.88,1
AUD000000450,2025-03-31,B005,89.14,0
AUD000000451,2025-04-01,B001,88.03,0
AUD000000452,2025-04-01,B002,86.47,0
AUD000000453,2025-04-01,B003,86.95,0
AUD000000454,2025-04-01,B004,98.25,0
AUD000000455,2025-04-01,B005,94.75,0
AUD000000456,2025-04-02,B001,92.38,0
AUD000000457,2025-04-02,B002,96.49,0
AUD000000458,2025-04-02,B003,97.38,0
AUD000000459,2025-04-02,B004,87.08,0
AUD000000460,2025-04-02,B005,92.41,0
AUD000000461,2025-04-03,B001,94.20,0
AUD000000462,2025-04-03,B002,96.63,0
AUD000000463,2025-04-03,B003,86.91,0
AUD000000464,2025-04-03,B004,93.08,0
AUD000000465,2025-04-03,B005,89.20,0
AUD000000466,2025-04-04,B001,96.01,0
AUD000000467,2025-04-04,B002,88.02,0
AUD000000468,2025-04-04,B003,90.80,0
AUD000000469,2025-04-04,B004,88.73,0
AUD000000470,2025-04-04,B005,90.30,0
AUD000000471,2025-04-05,B001,90.41,0
AUD000000472,2025-04-05,B002,87.29,0
AUD000000473,2025-04-05,B003,90.49,0
AUD000000474,2025-04-05,B004,86.16,0
AUD000000475,2025-04-05,B005,83.98,1
AUD000000476,2025-04-06,B001,99.80,0
AUD000000477,2025-04-06,B002,95.30,0
AUD000000478,2025-04-06,B003,96.22,0
AUD000000479,2025-04-06,B004,91.57,0
AUD000000480,2025-04-06,B005,88.59,0
AUD000000481,2025-04-07,B001,84.60,1
AUD000000482,2025-04-07,B002,95.03,0
AUD000000483,2025-04-07,B003,88.09,0
AUD000000484,2025-04-07,B004,90.39,0
AUD000000485,2025-04-07,B005,91.30,0
AUD000000486,2025-04-08,B001,92.17,0
AUD000000487,2025-04-08,B002,90.11,0
AUD000000488,2025-04-08,B003,93.32,0
AUD000000489,2025-04-08,B004,90.59,0
AUD000000490,2025-04-08,B005,91.55,0
AUD000000491,2025-04-09,B001,79.83,1
AUD000000492,2025-04-09,B002,89.39,0
AUD000000493,2025-04-09,B003,94.29,0
AUD000000494,2025-04-09,B004,88.68,0
AUD000000495,2025-04-09,B005,92.06,0
AUD000000496,2025-04-10,B001,93.72,0
AUD000000497,2025-04-10,B002,90.08,0
AUD000000498,2025-04-10,B003,93.10,0
AUD000000499,2025-04-10,B004,89.48,0
AUD000000500,2025-04-10,B005,97.27,0
AUD000000501,2025-04-11,B001,96.55,0
AUD000000502,2025-04-11,B002,90.94,0
AUD000000503,2025-04-11,B003,91.59,0
AUD000000504,2025-04-11,B004,87.40,0
AUD000000505,2025-04-11,B005,88.34,0
AUD000000506,2025-04-12,B001,87.27,0
AUD000000507,2025-04-12,B002,88.82,0
AUD000000508,2025-04-12,B003,89.37,0
AUD000000509,2025-04-12,B004,96.02,0
AUD000000510,2025-04-12,B005,91.85,0
AUD000000511,2025-04-13,B001,91.37,0
AUD000000512,2025-04-13,B002,88.44,0
AUD000000513,2025-04-13,B003,84.72,1
AUD000000514,2025-04-13,B004,96.05,0
AUD000000515,2025-04-13,B005,86.88,0
AUD000000516,2025-04-14,B001,90.62,0
AUD000000517,2025-04-14,B002,87.47,0
AUD000000518,2025-04-14,B003,87.02,0
AUD000000519,2025-04-14,B004,89.45,0
AUD000000520,2025-04-14,B005,81.72,1
AUD000000521,2025-04-15,B001,95.53,0
AUD000000522,2025-04-15,B002,92.58,0
AUD000000523,2025-04-15,B003,87.74,0
AUD000000524,2025-04-15,B004,90.21,0
AUD000000525,2025-04-15,B005,95.71,0
AUD000000526,2025-04-16,B001,92.25,0
AUD000000527,2025-04-16,B002,87.59,0
AUD000000528,2025-04-16,B003,90.62,0
AUD000000529,2025-04-16,B004,91.08,0
AUD000000530,2025-04-16,B005,93.30,0
AUD000000531,2025-04-17,B001,95.44,0
AUD000000532,2025-04-17,B002,88.92,0
AUD000000533,2025-04-17,B003,94.23,0
AUD000000534,2025-04-17,B004,91.80,0
AUD000000535,2025-04-17,B005,88.55,0
AUD000000536,2025-04-18,B001,96.68,0
AUD000000537,2025-04-18,B002,89.96,0
AUD000000538,2025-04-18,B003,90.09,0
AUD000000539,2025-04-18,B004,86.65,0
AUD000000540,2025-04-18,B005,92.22,0
AUD000000541,2025-04-19,B001,94.19,0
AUD000000542,2025-04-19,B002,95.63,0
AUD000000543,2025-04-19,B003,90.23,0
AUD000000544,2025-04-19,B004,92.86,0
AUD000000545,2025-04-19,B005,92.43,0
AUD000000546,2025-04-20,B001,87.92,0
AUD000000547,2025-04-20,B002,95.32,0
AUD000000548,2025-04-20,B003,89.49,0
AUD000000549,2025-04-20,B004,96.74,0
AUD000000550,2025-04-20,B005,92.08,0
AUD000000551,2025-04-21,B001,88.10,0
AUD000000552,2025-04-21,B002,89.10,0
AUD000000553,2025-04-21,B003,83.13,1
AUD000000554,2025-04-21,B004,92.35,0
AUD000000555,2025-04-21,B005,91.76,0
AUD000000556,2025-04-22,B001,91.22,0
AUD000000557,2025-04-22,B002,92.94,0
AUD000000558,2025-04-22,B003,95.55,0
AUD000000559,2025-04-22,B004,89.58,0
AUD000000560,2025-04-22,B005,87.10,0
AUD000000561,2025-04-23,B001,91.32,0
AUD000000562,2025-04-23,B002,95.86,0
AUD000000563,2025-04-23,B003,97.02,0
AUD000000564,2025-04-23,B004,91.26,0
AUD000000565,2025-04-23,B005,91.05,0
AUD000000566,2025-04-24,B001,90.08,0
AUD000000567,2025-04-24,B002,96.93,0
AUD000000568,2025-04-24,B003,91.04,0
AUD000000569,2025-04-24,B004,93.80,0
AUD000000570,2025-04-24,B005,91.60,0
AUD000000571,2025-04-25,B001,87.59,0
AUD000000572,2025-04-25,B002,93.94,0
AUD000000573,2025-04-25,B003,86.28,0
AUD000000574,2025-04-25,B004,91.78,0
AUD000000575,2025-04-25,B005,87.84,0
AUD000000576,2025-04-26,B001,88.36,0
AUD000000577,2025-04-26,B002,90.68,0
AUD000000578,2025-04-26,B003,90.41,0
AUD000000579,2025-04-26,B004,90.80,0
AUD000000580,2025-04-26,B005,88.87,0
AUD000000581,2025-04-27,B001,92.57,0
AUD000000582,2025-04-27,B002,88.86,0
AUD000000583,2025-04-27,B003,94.65,0
AUD000000584,2025-04-27,B004,92.96,0
AUD000000585,2025-04-27,B005,89.47,0
AUD000000586,2025-04-28,B001,89.82,0
AUD000000587,2025-04-28,B002,82.14,1
AUD000000588,2025-04-28,B003,94.68,0
AUD000000589,2025-04-28,B004,89.71,0
AUD000000590,2025-04-28,B005,92.24,0
AUD000000591,2025-04-29,B001,87.50,0
AUD000000592,2025-04-29,B002,92.81,0
AUD000000593,2025-04-29,B003,86.96,0
AUD000000594,2025-04-29,B004,90.06,0
AUD000000595,2025-04-29,B005,90.09,0
AUD000000596,2025-04-30,B001,91.89,0
AUD000000597,2025-04-30,B002,94.94,0
AUD000000598,2025-04-30,B003,94.44,0
AUD000000599,2025-04-30,B004,89.09,0
AUD000000600,2025-04-30,B005,82.37,1
AUD000000601,2025-05-01,B001,91.57,0
AUD000000602,2025-05-01,B002,89.21,0
AUD000000603,2025-05-01,B003,88.34,0
AUD000000604,2025-05-01,B004,96.79,0
AUD000000605,2025-05-01,B005,93.41,0
AUD000000606,2025-05-02,B001,87.79,0
AUD000000607,2025-05-02,B002,92.81,0
AUD000000608,2025-05-02,B003,89.34,0
AUD000000609,2025-05-02,B004,92.33,0
AUD000000610,2025-05-02,B005,95.74,0
AUD000000611,2025-05-03,B001,91.49,0
AUD000000612,2025-05-03,B002,92.09,0
AUD000000613,2025-05-03,B003,89.30,0
AUD000000614,2025-05-03,B004,92.45,0
AUD000000615,2025-05-03,B005,97.00,0
AUD000000616,2025-05-04,B001,91.23,0
AUD000000617,2025-05-04,B002,85.88,0
AUD000000618,2025-05-04,B003,92.52,0
AUD000000619,2025-05-04,B004,92.71,0
AUD000000620,2025-05-04,B005,89.36,0
AUD000000621,2025-05-05,B001,78.40,1
AUD000000622,2025-05-05,B002,97.10,0
AUD000000623,2025-05-05,B003,84.91,1
AUD000000624,2025-05-05,B004,93.93,0
AUD000000625,2025-05-05,B005,91.10,0
AUD000000626,2025-05-06,B001,92.28,0
AUD000000627,2025-05-06,B002,87.61,0
AUD000000628,2025-05-06,B003,87.63,0
AUD000000629,2025-05-06,B004,84.94,1
AUD000000630,2025-05-06,B005,91.95,0
AUD000000631,2025-05-07,B001,88.02,0
AUD000000632,2025-05-07,B002,87.46,0
AUD000000633,2025-05-07,B003,86.53,0
AUD000000634,2025-05-07,B004,89.25,0
AUD000000635,2025-05-07,B005,92.75,0
AUD000000636,2025-05-08,B001,87.42,0
AUD000000637,2025-05-08,B002,92.34,0
AUD000000638,2025-05-08,B003,89.50,0
AUD000000639,2025-05-08,B004,91.37,0
AUD000000640,2025-05-08,B005,93.18,0
AUD000000641,2025-05-09,B001,98.26,0
AUD000000642,2025-05-09,B002,90.38,0
AUD000000643,2025-05-09,B003,92.34,0
AUD000000644,2025-05-09,B004,88.14,0
AUD000000645,2025-05-09,B005,99.80,0
AUD000000646,2025-05-10,B001,95.60,0
AUD000000647,2025-05-10,B002,88.17,0
AUD000000648,2025-05-10,B003,92.93,0
AUD000000649,2025-05-10,B004,93.29,0
AUD000000650,2025-05-10,B005,98.34,0
AUD000000651,2025-05-11,B001,91.50,0
AUD000000652,2025-05-11,B002,91.46,0
AUD000000653,2025-05-11,B003,94.81,0
AUD000000654,2025-05-11,B004,91.06,0
AUD000000655,2025-05-11,B005,86.47,0
AUD000000656,2025-05-12,B001,92.57,0
AUD000000657,2025-05-12,B002,90.38,0
AUD000000658,2025-05-12,B003,89.87,0
AUD000000659,2025-05-12,B004,98.20,0
AUD000000660,2025-05-12,B005,91.24,0
AUD000000661,2025-05-13,B001,95.32,0
AUD000000662,2025-05-13,B002,94.38,0
AUD000000663,2025-05-13,B003,89.19,0
AUD000000664,2025-05-13,B004,91.36,0
AUD000000665,2025-05-13,B005,95.84,0
AUD000000666,2025-05-14,B001,85.54,0
AUD000000667,2025-05-14,B002,91.63,0
AUD000000668,2025-05-14,B003,87.30,0
AUD000000669,2025-05-14,B004,89.28,0
AUD000000670,2025-05-14,B005,95.56,0
AUD000000671,2025-05-15,B001,83.71,1
AUD000000672,2025-05-15,B002,90.90,0
AUD000000673,2025-05-15,B003,94.94,0
AUD000000674,2025-05-15,B004,89.29,0
AUD000000675,2025-05-15,B005,95.87,0
AUD000000676,2025-05-16,B001,92.28,0
AUD000000677,2025-05-16,B002,79.42,1
AUD000000678,2025-05-16,B003,88.45,0
AUD000000679,2025-05-16,B004,92.92,0
AUD000000680,2025-05-16,B005,89.69,0
AUD000000681,2025-05-17,B001,90.29,0
AUD000000682,2025-05-17,B002,90.30,0
AUD000000683,2025-05-17,B003,91.88,0
AUD000000684,2025-05-17,B004,90.71,0
AUD000000685,2025-05-17,B005,90.42,0
AUD000000686,2025-05-18,B001,92.34,0
AUD000000687,2025-05-18,B002,89.30,0
AUD000000688,2025-05-18,B003,95.26,0
AUD000000689,2025-05-18,B004,96.58,0
AUD000000690,2025-05-18,B005,91.90,0
AUD000000691,2025-05-19,B001,92.02,0
AUD000000692,2025-05-19,B002,94.59,0
AUD000000693,2025-05-19,B003,92.02,0
AUD000000694,2025-05-19,B004,91.37,0
AUD000000695,2025-05-19,B005,93.30,0
AUD000000696,2025-05-20,B001,87.31,0
AUD000000697,2025-05-20,B002,93.82,0
AUD000000698,2025-05-20,B003,89.69,0
AUD000000699,2025-05-20,B004,96.91,0
AUD000000700,2025-05-20,B005,92.92,0
AUD000000701,2025-05-21,B001,87.10,0
AUD000000702,2025-05-21,B002,92.28,0
AUD000000703,2025-05-21,B003,92.62,0
AUD000000704,2025-05-21,B004,92.77,0
AUD000000705,2025-05-21,B005,86.50,0
AUD000000706,2025-05-22,B001,92.60,0
AUD000000707,2025-05-22,B002,95.18,0
AUD000000708,2025-05-22,B003,89.66,0
AUD000000709,2025-05-22,B004,88.02,0
AUD000000710,2025-05-22,B005,96.09,0
AUD000000711,2025-05-23,B001,97.12,0
AUD000000712,2025-05-23,B002,95.38,0
AUD000000713,2025-05-23,B003,84.64,1
AUD000000714,2025-05-23,B004,95.61,0
AUD000000715,2025-05-23,B005,81.11,1
AUD000000716,2025-05-24,B001,96.95,0
AUD000000717,2025-05-24,B002,94.02,0
AUD000000718,2025-05-24,B003,89.21,0
AUD000000719,2025-05-24,B004,97.27,0
AUD000000720,2025-05-24,B005,98.21,0
AUD000000721,2025-05-25,B001,87.38,0
AUD000000722,2025-05-25,B002,95.34,0
AUD000000723,2025-05-25,B003,88.11,0
AUD000000724,2025-05-25,B004,94.04,0
AUD000000725,2025-05-25,B005,90.75,0
AUD000000726,2025-05-26,B001,85.98,0
AUD000000727,2025-05-26,B002,90.31,0
AUD000000728,2025-05-26,B003,89.11,0
AUD000000729,2025-05-26,B004,81.13,1
AUD000000730,2025-05-26,B005,89.96,0
AUD000000731,2025-05-27,B001,94.15,0
AUD000000732,2025-05-27,B002,95.19,0
AUD000000733,2025-05-27,B003,89.23,0
AUD000000734,2025-05-27,B004,99.48,0
AUD000000735,2025-05-27,B005,92.42,0
AUD000000736,2025-05-28,B001,87.77,0
AUD000000737,2025-05-28,B002,74.40,1
AUD000000738,2025-05-28,B003,88.63,0
AUD000000739,2025-05-28,B004,88.95,0
AUD000000740,2025-05-28,B005,93.69,0
AUD000000741,2025-05-29,B001,97.18,0
AUD000000742,2025-05-29,B002,92.67,0
AUD000000743,2025-05-29,B003,97.84,0
AUD000000744,2025-05-29,B004,94.02,0
AUD000000745,2025-05-29,B005,96.95,0
AUD000000746,2025-05-30,B001,86.04,0
AUD000000747,2025-05-30,B002,88.17,0
AUD000000748,2025-05-30,B003,91.04,0
AUD000000749,2025-05-30,B004,93.95,0
AUD000000750,2025-05-30,B005,99.69,0
AUD000000751,2025-05-31,B001,84.42,1
AUD000000752,2025-05-31,B002,85.52,0
AUD000000753,2025-05-31,B003,83.74,1
AUD000000754,2025-05-31,B004,86.48,0
AUD000000755,2025-05-31,B005,90.37,0
AUD000000756,2025-06-01,B001,91.60,0
AUD000000757,2025-06-01,B002,86.27,0
AUD000000758,2025-06-01,B003,87.88,0
AUD000000759,2025-06-01,B004,93.41,0
AUD000000760,2025-06-01,B005,97.30,0
AUD000000761,2025-06-02,B001,96.97,0
AUD000000762,2025-06-02,B002,90.74,0
AUD000000763,2025-06-02,B003,92.31,0
AUD000000764,2025-06-02,B004,93.88,0
AUD000000765,2025-06-02,B005,96.73,0
AUD000000766,2025-06-03,B001,89.46,0
AUD000000767,2025-06-03,B002,87.79,0
AUD000000768,2025-06-03,B003,91.58,0
AUD000000769,2025-06-03,B004,92.89,0
AUD000000770,2025-06-03,B005,93.55,0
AUD000000771,2025-06-04,B001,90.59,0
AUD000000772,2025-06-04,B002,98.19,0
AUD000000773,2025-06-04,B003,93.76,0
AUD000000774,2025-06-04,B004,89.85,0
AUD000000775,2025-06-04,B005,95.88,0
AUD000000776,2025-06-05,B001,84.98,1
AUD000000777,2025-06-05,B002,94.30,0
AUD000000778,2025-06-05,B003,90.76,0
AUD000000779,2025-06-05,B004,93.72,0
AUD000000780,2025-06-05,B005,96.38,0
AUD000000781,2025-06-06,B001,94.68,0
AUD000000782,2025-06-06,B002,91.73,0
AUD000000783,2025-06-06,B003,95.29,0
AUD000000784,2025-06-06,B004,89.32,0
AUD000000785,2025-06-06,B005,90.74,0
AUD000000786,2025-06-07,B001,91.10,0
AUD000000787,2025-06-07,B002,91.17,0
AUD000000788,2025-06-07,B003,88.34,0
AUD000000789,2025-06-07,B004,95.68,0
AUD000000790,2025-06-07,B005,97.79,0
AUD000000791,2025-06-08,B001,92.43,0
AUD000000792,2025-06-08,B002,89.72,0
AUD000000793,2025-06-08,B003,83.05,1
AUD000000794,2025-06-08,B004,93.08,0
AUD000000795,2025-06-08,B005,79.60,1
AUD000000796,2025-06-09,B001,94.91,0
AUD000000797,2025-06-09,B002,90.88,0
AUD000000798,2025-06-09,B003,97.46,0
AUD000000799,2025-06-09,B004,94.84,0
AUD000000800,2025-06-09,B005,94.75,0
AUD000000801,2025-06-10,B001,91.06,0
AUD000000802,2025-06-10,B002,90.41,0
AUD000000803,2025-06-10,B003,93.47,0
AUD000000804,2025-06-10,B004,98.01,0
AUD000000805,2025-06-10,B005,97.55,0
AUD000000806,2025-06-11,B001,88.69,0
AUD000000807,2025-06-11,B002,98.03,0
AUD000000808,2025-06-11,B003,92.67,0
AUD000000809,2025-06-11,B004,91.72,0
AUD000000810,2025-06-11,B005,97.50,0
AUD000000811,2025-06-12,B001,80.80,1
AUD000000812,2025-06-12,B002,91.24,0
AUD000000813,2025-06-12,B003,96.91,0
AUD000000814,2025-06-12,B004,94.20,0
AUD000000815,2025-06-12,B005,89.38,0
AUD000000816,2025-06-13,B001,88.44,0
AUD000000817,2025-06-13,B002,88.47,0
AUD000000818,2025-06-13,B003,90.30,0
AUD000000819,2025-06-13,B004,93.81,0
AUD000000820,2025-06-13,B005,94.08,0
AUD000000821,2025-06-14,B001,91.12,0
AUD000000822,2025-06-14,B002,96.60,0
AUD000000823,2025-06-14,B003,89.67,0
AUD000000824,2025-06-14,B004,92.57,0
AUD000000825,2025-06-14,B005,91.41,0
AUD000000826,2025-06-15,B001,95.47,0
AUD000000827,2025-06-15,B002,86.59,0
AUD000000828,2025-06-15,B003,93.71,0
AUD000000829,2025-06-15,B004,86.46,0
AUD000000830,2025-06-15,B005,92.79,0
AUD000000831,2025-06-16,B001,90.24,0
AUD000000832,2025-06-16,B002,91.65,0
AUD000000833,2025-06-16,B003,88.40,0
AUD000000834,2025-06-16,B004,89.12,0
AUD000000835,2025-06-16,B005,92.89,0
AUD000000836,2025-06-17,B001,90.82,0
AUD000000837,2025-06-17,B002,87.86,0
AUD000000838,2025-06-17,B003,88.15,0
AUD000000839,2025-06-17,B004,98.97,0
AUD000000840,2025-06-17,B005,89.29,0
AUD000000841,2025-06-18,B001,91.98,0
AUD000000842,2025-06-18,B002,90.94,0
AUD000000843,2025-06-18,B003,87.69,0
AUD000000844,2025-06-18,B004,99.80,0
AUD000000845,2025-06-18,B005,92.88,0
AUD000000846,2025-06-19,B001,96.64,0
AUD000000847,2025-06-19,B002,85.63,0
AUD000000848,2025-06-19,B003,92.16,0
AUD000000849,2025-06-19,B004,86.03,0
AUD000000850,2025-06-19,B005,92.33,0
AUD000000851,2025-06-20,B001,83.84,1
AUD000000852,2025-06-20,B002,88.39,0
AUD000000853,2025-06-20,B003,99.80,0
AUD000000854,2025-06-20,B004,93.80,0
AUD000000855,2025-06-20,B005,88.66,0
AUD000000856,2025-06-21,B001,97.18,0
AUD000000857,2025-06-21,B002,83.11,1
AUD000000858,2025-06-21,B003,86.43,0
AUD000000859,2025-06-21,B004,95.93,0
AUD000000860,2025-06-21,B005,98.08,0
AUD000000861,2025-06-22,B001,92.34,0
AUD000000862,2025-06-22,B002,89.59,0
AUD000000863,2025-06-22,B003,91.11,0
AUD000000864,2025-06-22,B004,98.63,0
AUD000000865,2025-06-22,B005,85.47,0
AUD000000866,2025-06-23,B001,86.75,0
AUD000000867,2025-06-23,B002,92.19,0
AUD000000868,2025-06-23,B003,89.60,0
AUD000000869,2025-06-23,B004,81.51,1
AUD000000870,2025-06-23,B005,93.30,0
AUD000000871,2025-06-24,B001,90.59,0
AUD000000872,2025-06-24,B002,81.76,1
AUD000000873,2025-06-24,B003,98.67,0
AUD000000874,2025-06-24,B004,92.05,0
AUD000000875,2025-06-24,B005,86.08,0
AUD000000876,2025-06-25,B001,91.14,0
AUD000000877,2025-06-25,B002,91.88,0
AUD000000878,2025-06-25,B003,89.70,0
AUD000000879,2025-06-25,B004,86.85,0
AUD000000880,2025-06-25,B005,94.99,0
AUD000000881,2025-06-26,B001,90.52,0
AUD000000882,2025-06-26,B002,90.52,0
AUD000000883,2025-06-26,B003,92.08,0
AUD000000884,2025-06-26,B004,96.78,0
AUD000000885,2025-06-26,B005,94.70,0
AUD000000886,2025-06-27,B001,95.45,0
AUD000000887,2025-06-27,B002,89.01,0
AUD000000888,2025-06-27,B003,95.72,0
AUD000000889,2025-06-27,B004,89.86,0
AUD000000890,2025-06-27,B005,93.12,0
AUD000000891,2025-06-28,B001,89.15,0
AUD000000892,2025-06-28,B002,95.50,0
AUD000000893,2025-06-28,B003,89.47,0
AUD000000894,2025-06-28,B004,94.06,0
AUD000000895,2025-06-28,B005,90.77,0
AUD000000896,2025-06-29,B001,93.26,0
AUD000000897,2025-06-29,B002,89.29,0
AUD000000898,2025-06-29,B003,87.93,0
AUD000000899,2025-06-29,B004,93.09,0
AUD000000900,2025-06-29,B005,90.52,0
AUD000000901,2025-06-30,B001,87.91,0
AUD000000902,2025-06-30,B002,91.60,0
AUD000000903,2025-06-30,B003,96.14,0
AUD000000904,2025-06-30,B004,92.44,0
AUD000000905,2025-06-30,B005,92.74,0
AUD000000906,2025-07-01,B001,94.20,0
AUD000000907,2025-07-01,B002,94.37,0
AUD000000908,2025-07-01,B003,99.41,0
AUD000000909,2025-07-01,B004,92.00,0
AUD000000910,2025-07-01,B005,91.83,0
AUD000000911,2025-07-02,B001,94.99,0
AUD000000912,2025-07-02,B002,81.90,1
AUD000000913,2025-07-02,B003,94.20,0
AUD000000914,2025-07-02,B004,91.37,0
AUD000000915,2025-07-02,B005,85.63,0
AUD000000916,2025-07-03,B001,87.17,0
AUD000000917,2025-07-03,B002,85.20,0
AUD000000918,2025-07-03,B003,93.32,0
AUD000000919,2025-07-03,B004,96.32,0
AUD000000920,2025-07-03,B005,96.14,0
AUD000000921,2025-07-04,B001,99.80,0
AUD000000922,2025-07-04,B002,86.69,0
AUD000000923,2025-07-04,B003,90.44,0
AUD000000924,2025-07-04,B004,94.36,0
AUD000000925,2025-07-04,B005,97.46,0
AUD000000926,2025-07-05,B001,89.64,0
AUD000000927,2025-07-05,B002,98.15,0
AUD000000928,2025-07-05,B003,90.26,0
AUD000000929,2025-07-05,B004,86.96,0
AUD000000930,2025-07-05,B005,92.51,0
AUD000000931,2025-07-06,B001,92.58,0
AUD000000932,2025-07-06,B002,98.91,0
AUD000000933,2025-07-06,B003,97.64,0
AUD000000934,2025-07-06,B004,94.67,0
AUD000000935,2025-07-06,B005,95.44,0
AUD000000936,2025-07-07,B001,91.03,0
AUD000000937,2025-07-07,B002,93.17,0
AUD000000938,2025-07-07,B003,94.25,0
AUD000000939,2025-07-07,B004,89.36,0
AUD000000940,2025-07-07,B005,94.56,0
AUD000000941,2025-07-08,B001,97.95,0
AUD000000942,2025-07-08,B002,86.19,0
AUD000000943,2025-07-08,B003,88.46,0
AUD000000944,2025-07-08,B004,89.78,0
AUD000000945,2025-07-08,B005,97.16,0
AUD000000946,2025-07-09,B001,87.46,0
AUD000000947,2025-07-09,B002,88.02,0
AUD000000948,2025-07-09,B003,87.69,0
AUD000000949,2025-07-09,B004,89.25,0
AUD000000950,2025-07-09,B005,88.83,0
AUD000000951,2025-07-10,B001,90.97,0
AUD000000952,2025-07-10,B002,95.33,0
AUD000000953,2025-07-10,B003,95.17,0
AUD000000954,2025-07-10,B004,93.47,0
AUD000000955,2025-07-10,B005,90.72,0
AUD000000956,2025-07-11,B001,97.65,0
AUD000000957,2025-07-11,B002,90.31,0
AUD000000958,2025-07-11,B003,98.06,0
AUD000000959,2025-07-11,B004,91.62,0
AUD000000960,2025-07-11,B005,86.70,0
AUD000000961,2025-07-12,B001,96.10,0
AUD000000962,2025-07-12,B002,95.01,0
AUD000000963,2025-07-12,B003,83.47,1
AUD000000964,2025-07-12,B004,85.55,0
AUD000000965,2025-07-12,B005,91.41,0
AUD000000966,2025-07-13,B001,96.93,0
AUD000000967,2025-07-13,B002,88.99,0
AUD000000968,2025-07-13,B003,82.76,1
AUD000000969,2025-07-13,B004,86.98,0
AUD000000970,2025-07-13,B005,90.93,0
AUD000000971,2025-07-14,B001,94.66,0
AUD000000972,2025-07-14,B002,92.32,0
AUD000000973,2025-07-14,B003,85.32,0
AUD000000974,2025-07-14,B004,90.04,0
AUD000000975,2025-07-14,B005,90.03,0
AUD000000976,2025-07-15,B001,90.85,0
AUD000000977,2025-07-15,B002,96.38,0
AUD000000978,2025-07-15,B003,86.22,0
AUD000000979,2025-07-15,B004,88.93,0
AUD000000980,2025-07-15,B005,92.79,0
AUD000000981,2025-07-16,B001,92.73,0
AUD000000982,2025-07-16,B002,90.32,0
AUD000000983,2025-07-16,B003,95.57,0
AUD000000984,2025-07-16,B004,89.71,0
AUD000000985,2025-07-16,B005,92.16,0
AUD000000986,2025-07-17,B001,91.43,0
AUD000000987,2025-07-17,B002,88.03,0
AUD000000988,2025-07-17,B003,91.69,0
AUD000000989,2025-07-17,B004,90.22,0
AUD000000990,2025-07-17,B005,93.45,0
AUD000000991,2025-07-18,B001,89.22,0
AUD000000992,2025-07-18,B002,92.70,0
AUD000000993,2025-07-18,B003,91.07,0
AUD000000994,2025-07-18,B004,92.90,0
AUD000000995,2025-07-18,B005,91.67,0
AUD000000996,2025-07-19,B001,88.86,0
AUD000000997,2025-07-19,B002,92.25,0
AUD000000998,2025-07-19,B003,90.69,0
AUD000000999,2025-07-19,B004,84.94,1
AUD000001000,2025-07-19,B005,93.45,0
AUD000001001,2025-07-20,B001,95.34,0
AUD000001002,2025-07-20,B002,85.98,0
AUD000001003,2025-07-20,B003,94.11,0
AUD000001004,2025-07-20,B004,92.25,0
AUD000001005,2025-07-20,B005,91.52,0
AUD000001006,2025-07-21,B001,90.23,0
AUD000001007,2025-07-21,B002,93.03,0
AUD000001008,2025-07-21,B003,92.07,0
AUD000001009,2025-07-21,B004,89.55,0
AUD000001010,2025-07-21,B005,84.50,1
AUD000001011,2025-07-22,B001,92.12,0
AUD000001012,2025-07-22,B002,93.57,0
AUD000001013,2025-07-22,B003,94.66,0
AUD000001014,2025-07-22,B004,95.33,0
AUD000001015,2025-07-22,B005,89.30,0
AUD000001016,2025-07-23,B001,88.13,0
AUD000001017,2025-07-23,B002,93.50,0
AUD000001018,2025-07-23,B003,94.07,0
AUD000001019,2025-07-23,B004,93.55,0
AUD000001020,2025-07-23,B005,95.98,0
AUD000001021,2025-07-24,B001,86.17,0
AUD000001022,2025-07-24,B002,94.76,0
AUD000001023,2025-07-24,B003,91.09,0
AUD000001024,2025-07-24,B004,94.59,0
AUD000001025,2025-07-24,B005,96.79,0
AUD000001026,2025-07-25,B001,93.50,0
AUD000001027,2025-07-25,B002,89.99,0
AUD000001028,2025-07-25,B003,90.51,0
AUD000001029,2025-07-25,B004,92.50,0
AUD000001030,2025-07-25,B005,90.24,0
AUD000001031,2025-07-26,B001,93.35,0
AUD000001032,2025-07-26,B002,87.01,0
AUD000001033,2025-07-26,B003,90.13,0
AUD000001034,2025-07-26,B004,95.41,0
AUD000001035,2025-07-26,B005,91.87,0
AUD000001036,2025-07-27,B001,94.14,0
AUD000001037,2025-07-27,B002,89.73,0
AUD000001038,2025-07-27,B003,89.28,0
AUD000001039,2025-07-27,B004,96.09,0
AUD000001040,2025-07-27,B005,84.95,1
AUD000001041,2025-07-28,B001,90.92,0
AUD000001042,2025-07-28,B002,87.01,0
AUD000001043,2025-07-28,B003,83.54,1
AUD000001044,2025-07-28,B004,88.44,0
AUD000001045,2025-07-28,B005,92.34,0
AUD000001046,2025-07-29,B001,90.80,0
AUD000001047,2025-07-29,B002,87.93,0
AUD000001048,2025-07-29,B003,91.60,0
AUD000001049,2025-07-29,B004,91.07,0
AUD000001050,2025-07-29,B005,90.84,0
AUD000001051,2025-07-30,B001,90.91,0
AUD000001052,2025-07-30,B002,88.78,0
AUD000001053,2025-07-30,B003,94.09,0
AUD000001054,2025-07-30,B004,92.20,0
AUD000001055,2025-07-30,B005,95.74,0
AUD000001056,2025-07-31,B001,93.84,0
AUD000001057,2025-07-31,B002,87.51,0
AUD000001058,2025-07-31,B003,92.63,0
AUD000001059,2025-07-31,B004,85.32,0
AUD000001060,2025-07-31,B005,92.24,0
AUD000001061,2025-08-01,B001,91.63,0
AUD000001062,2025-08-01,B002,93.35,0
AUD000001063,2025-08-01,B003,87.29,0
AUD000001064,2025-08-01,B004,90.31,0
AUD000001065,2025-08-01,B005,93.69,0
AUD000001066,2025-08-02,B001,94.17,0
AUD000001067,2025-08-02,B002,89.41,0
AUD000001068,2025-08-02,B003,91.86,0
AUD000001069,2025-08-02,B004,91.40,0
AUD000001070,2025-08-02,B005,89.19,0
AUD000001071,2025-08-03,B001,95.01,0
AUD000001072,2025-08-03,B002,89.50,0
AUD000001073,2025-08-03,B003,89.25,0
AUD000001074,2025-08-03,B004,92.09,0
AUD000001075,2025-08-03,B005,88.85,0
AUD000001076,2025-08-04,B001,93.57,0
AUD000001077,2025-08-04,B002,75.17,1
AUD000001078,2025-08-04,B003,93.11,0
AUD000001079,2025-08-04,B004,94.32,0
AUD000001080,2025-08-04,B005,94.78,0
AUD000001081,2025-08-05,B001,91.12,0
AUD000001082,2025-08-05,B002,88.20,0
AUD000001083,2025-08-05,B003,91.67,0
AUD000001084,2025-08-05,B004,88.35,0
AUD000001085,2025-08-05,B005,93.53,0
AUD000001086,2025-08-06,B001,99.80,0
AUD000001087,2025-08-06,B002,90.70,0
AUD000001088,2025-08-06,B003,93.24,0
AUD000001089,2025-08-06,B004,90.62,0
AUD000001090,2025-08-06,B005,90.84,0
AUD000001091,2025-08-07,B001,88.16,0
AUD000001092,2025-08-07,B002,94.16,0
AUD000001093,2025-08-07,B003,84.05,1
AUD000001094,2025-08-07,B004,91.82,0
AUD000001095,2025-08-07,B005,93.46,0
AUD000001096,2025-08-08,B001,90.14,0
AUD000001097,2025-08-08,B002,93.56,0
AUD000001098,2025-08-08,B003,88.42,0
AUD000001099,2025-08-08,B004,87.95,0
AUD000001100,2025-08-08,B005,97.37,0
AUD000001101,2025-08-09,B001,95.26,0
AUD000001102,2025-08-09,B002,89.36,0
AUD000001103,2025-08-09,B003,87.55,0
AUD000001104,2025-08-09,B004,89.00,0
AUD000001105,2025-08-09,B005,93.54,0
AUD000001106,2025-08-10,B001,93.57,0
AUD000001107,2025-08-10,B002,93.06,0
AUD000001108,2025-08-10,B003,90.80,0
AUD000001109,2025-08-10,B004,94.01,0
AUD000001110,2025-08-10,B005,87.48,0
AUD000001111,2025-08-11,B001,94.76,0
AUD000001112,2025-08-11,B002,95.00,0
AUD000001113,2025-08-11,B003,92.53,0
AUD000001114,2025-08-11,B004,90.83,0
AUD000001115,2025-08-11,B005,91.41,0
AUD000001116,2025-08-12,B001,90.92,0
AUD000001117,2025-08-12,B002,91.82,0
AUD000001118,2025-08-12,B003,92.69,0
AUD000001119,2025-08-12,B004,93.94,0
AUD000001120,2025-08-12,B005,92.27,0
AUD000001121,2025-08-13,B001,96.49,0
AUD000001122,2025-08-13,B002,90.26,0
AUD000001123,2025-08-13,B003,93.71,0
AUD000001124,2025-08-13,B004,89.28,0
AUD000001125,2025-08-13,B005,90.03,0
AUD000001126,2025-08-14,B001,92.35,0
AUD000001127,2025-08-14,B002,93.90,0
AUD000001128,2025-08-14,B003,84.16,1
AUD000001129,2025-08-14,B004,87.56,0
AUD000001130,2025-08-14,B005,91.08,0
AUD000001131,2025-08-15,B001,95.03,0
AUD000001132,2025-08-15,B002,89.81,0
AUD000001133,2025-08-15,B003,92.18,0
AUD000001134,2025-08-15,B004,94.48,0
AUD000001135,2025-08-15,B005,92.92,0
AUD000001136,2025-08-16,B001,88.68,0
AUD000001137,2025-08-16,B002,84.23,1
AUD000001138,2025-08-16,B003,84.73,1
AUD000001139,2025-08-16,B004,95.87,0
AUD000001140,2025-08-16,B005,86.67,0
AUD000001141,2025-08-17,B001,94.78,0
AUD000001142,2025-08-17,B002,81.76,1
AUD000001143,2025-08-17,B003,93.06,0
AUD000001144,2025-08-17,B004,92.08,0
AUD000001145,2025-08-17,B005,87.17,0
AUD000001146,2025-08-18,B001,95.20,0
AUD000001147,2025-08-18,B002,91.14,0
AUD000001148,2025-08-18,B003,85.37,0
AUD000001149,2025-08-18,B004,92.78,0
AUD000001150,2025-08-18,B005,94.87,0
AUD000001151,2025-08-19,B001,99.77,0
AUD000001152,2025-08-19,B002,90.69,0
AUD000001153,2025-08-19,B003,92.89,0
AUD000001154,2025-08-19,B004,94.73,0
AUD000001155,2025-08-19,B005,91.99,0
AUD000001156,2025-08-20,B001,95.07,0
AUD000001157,2025-08-20,B002,86.14,0
AUD000001158,2025-08-20,B003,85.79,0
AUD000001159,2025-08-20,B004,94.16,0
AUD000001160,2025-08-20,B005,91.15,0
AUD000001161,2025-08-21,B001,95.38,0
AUD000001162,2025-08-21,B002,93.19,0
AUD000001163,2025-08-21,B003,88.32,0
AUD000001164,2025-08-21,B004,95.66,0
AUD000001165,2025-08-21,B005,94.38,0
AUD000001166,2025-08-22,B001,92.39,0
AUD000001167,2025-08-22,B002,94.49,0
AUD000001168,2025-08-22,B003,94.67,0
AUD000001169,2025-08-22,B004,94.91,0
AUD000001170,2025-08-22,B005,89.13,0
AUD000001171,2025-08-23,B001,90.07,0
AUD000001172,2025-08-23,B002,90.71,0
AUD000001173,2025-08-23,B003,97.94,0
AUD000001174,2025-08-23,B004,92.29,0
AUD000001175,2025-08-23,B005,85.50,0
AUD000001176,2025-08-24,B001,79.10,1
AUD000001177,2025-08-24,B002,91.80,0
AUD000001178,2025-08-24,B003,95.94,0
AUD000001179,2025-08-24,B004,94.96,0
AUD000001180,2025-08-24,B005,90.50,0
AUD000001181,2025-08-25,B001,97.45,0
AUD000001182,2025-08-25,B002,93.16,0
AUD000001183,2025-08-25,B003,91.10,0
AUD000001184,2025-08-25,B004,90.40,0
AUD000001185,2025-08-25,B005,97.79,0
AUD000001186,2025-08-26,B001,92.42,0
AUD000001187,2025-08-26,B002,93.66,0
AUD000001188,2025-08-26,B003,85.11,0
AUD000001189,2025-08-26,B004,92.80,0
AUD000001190,2025-08-26,B005,92.79,0
AUD000001191,2025-08-27,B001,87.51,0
AUD000001192,2025-08-27,B002,91.72,0
AUD000001193,2025-08-27,B003,91.46,0
AUD000001194,2025-08-27,B004,94.82,0
AUD000001195,2025-08-27,B005,94.85,0
AUD000001196,2025-08-28,B001,97.84,0
AUD000001197,2025-08-28,B002,95.08,0
AUD000001198,2025-08-28,B003,97.54,0
AUD000001199,2025-08-28,B004,93.14,0
AUD000001200,2025-08-28,B005,88.96,0
AUD000001201,2025-08-29,B001,92.45,0
AUD000001202,2025-08-29,B002,95.94,0
AUD000001203,2025-08-29,B003,93.19,0
AUD000001204,2025-08-29,B004,91.96,0
AUD000001205,2025-08-29,B005,90.28,0
AUD000001206,2025-08-30,B001,87.39,0
AUD000001207,2025-08-30,B002,93.15,0
AUD000001208,2025-08-30,B003,84.56,1
AUD000001209,2025-08-30,B004,93.03,0
AUD000001210,2025-08-30,B005,91.84,0
AUD000001211,2025-08-31,B001,97.12,0
AUD000001212,2025-08-31,B002,99.65,0
AUD000001213,2025-08-31,B003,95.19,0
AUD000001214,2025-08-31,B004,87.88,0
AUD000001215,2025-08-31,B005,93.48,0
AUD000001216,2025-09-01,B001,94.32,0
AUD000001217,2025-09-01,B002,91.40,0
AUD000001218,2025-09-01,B003,90.99,0
AUD000001219,2025-09-01,B004,91.76,0
AUD000001220,2025-09-01,B005,93.57,0
AUD000001221,2025-09-02,B001,94.39,0
AUD000001222,2025-09-02,B002,96.51,0
AUD000001223,2025-09-02,B003,94.38,0
AUD000001224,2025-09-02,B004,88.99,0
AUD000001225,2025-09-02,B005,86.62,0
AUD000001226,2025-09-03,B001,90.33,0
AUD000001227,2025-09-03,B002,85.15,0
AUD000001228,2025-09-03,B003,93.41,0
AUD000001229,2025-09-03,B004,93.62,0
AUD000001230,2025-09-03,B005,93.46,0
AUD000001231,2025-09-04,B001,93.45,0
AUD000001232,2025-09-04,B002,94.24,0
AUD000001233,2025-09-04,B003,85.04,0
AUD000001234,2025-09-04,B004,93.16,0
AUD000001235,2025-09-04,B005,94.34,0
AUD000001236,2025-09-05,B001,86.09,0
AUD000001237,2025-09-05,B002,84.35,1
AUD000001238,2025-09-05,B003,88.94,0
AUD000001239,2025-09-05,B004,96.48,0
AUD000001240,2025-09-05,B005,94.87,0
AUD000001241,2025-09-06,B001,92.73,0
AUD000001242,2025-09-06,B002,97.03,0
AUD000001243,2025-09-06,B003,79.00,1
AUD000001244,2025-09-06,B004,93.85,0
AUD000001245,2025-09-06,B005,90.58,0
AUD000001246,2025-09-07,B001,91.89,0
AUD000001247,2025-09-07,B002,89.79,0
AUD000001248,2025-09-07,B003,93.11,0
AUD000001249,2025-09-07,B004,92.54,0
AUD000001250,2025-09-07,B005,97.82,0
AUD000001251,2025-09-08,B001,89.31,0
AUD000001252,2025-09-08,B002,91.83,0
AUD000001253,2025-09-08,B003,92.28,0
AUD000001254,2025-09-08,B004,90.89,0
AUD000001255,2025-09-08,B005,94.00,0
AUD000001256,2025-09-09,B001,94.55,0
AUD000001257,2025-09-09,B002,88.80,0
AUD000001258,2025-09-09,B003,91.37,0
AUD000001259,2025-09-09,B004,92.40,0
AUD000001260,2025-09-09,B005,93.17,0
AUD000001261,2025-09-10,B001,77.71,1
AUD000001262,2025-09-10,B002,93.09,0
AUD000001263,2025-09-10,B003,93.61,0
AUD000001264,2025-09-10,B004,86.12,0
AUD000001265,2025-09-10,B005,94.25,0
AUD000001266,2025-09-11,B001,91.93,0
AUD000001267,2025-09-11,B002,89.62,0
AUD000001268,2025-09-11,B003,95.73,0
AUD000001269,2025-09-11,B004,92.53,0
AUD000001270,2025-09-11,B005,91.58,0
AUD000001271,2025-09-12,B001,95.17,0
AUD000001272,2025-09-12,B002,96.26,0
AUD000001273,2025-09-12,B003,90.90,0
AUD000001274,2025-09-12,B004,89.99,0
AUD000001275,2025-09-12,B005,90.84,0
AUD000001276,2025-09-13,B001,91.01,0
AUD000001277,2025-09-13,B002,95.48,0
AUD000001278,2025-09-13,B003,99.80,0
AUD000001279,2025-09-13,B004,89.85,0
AUD000001280,2025-09-13,B005,89.46,0
AUD000001281,2025-09-14,B001,95.56,0
AUD000001282,2025-09-14,B002,85.70,0
AUD000001283,2025-09-14,B003,93.75,0
AUD000001284,2025-09-14,B004,89.79,0
AUD000001285,2025-09-14,B005,98.63,0
AUD000001286,2025-09-15,B001,92.44,0
AUD000001287,2025-09-15,B002,91.98,0
AUD000001288,2025-09-15,B003,87.85,0
AUD000001289,2025-09-15,B004,90.08,0
AUD000001290,2025-09-15,B005,92.84,0
AUD000001291,2025-09-16,B001,94.78,0
AUD000001292,2025-09-16,B002,92.32,0
AUD000001293,2025-09-16,B003,90.87,0
AUD000001294,2025-09-16,B004,84.82,1
AUD000001295,2025-09-16,B005,91.30,0
AUD000001296,2025-09-17,B001,93.60,0
AUD000001297,2025-09-17,B002,91.59,0
AUD000001298,2025-09-17,B003,90.69,0
AUD000001299,2025-09-17,B004,91.45,0
AUD000001300,2025-09-17,B005,90.78,0
AUD000001301,2025-09-18,B001,91.42,0
AUD000001302,2025-09-18,B002,94.52,0
AUD000001303,2025-09-18,B003,94.81,0
AUD000001304,2025-09-18,B004,89.95,0
AUD000001305,2025-09-18,B005,90.39,0
AUD000001306,2025-09-19,B001,89.95,0
AUD000001307,2025-09-19,B002,97.77,0
AUD000001308,2025-09-19,B003,90.15,0
AUD000001309,2025-09-19,B004,90.03,0
AUD000001310,2025-09-19,B005,87.69,0
AUD000001311,2025-09-20,B001,87.04,0
AUD000001312,2025-09-20,B002,91.92,0
AUD000001313,2025-09-20,B003,92.05,0
AUD000001314,2025-09-20,B004,88.47,0
AUD000001315,2025-09-20,B005,86.52,0
AUD000001316,2025-09-21,B001,88.76,0
AUD000001317,2025-09-21,B002,98.82,0
AUD000001318,2025-09-21,B003,94.95,0
AUD000001319,2025-09-21,B004,93.42,0
AUD000001320,2025-09-21,B005,93.06,0
AUD000001321,2025-09-22,B001,89.71,0
AUD000001322,2025-09-22,B002,89.55,0
AUD000001323,2025-09-22,B003,98.25,0
AUD000001324,2025-09-22,B004,88.06,0
AUD000001325,2025-09-22,B005,99.80,0
AUD000001326,2025-09-23,B001,96.08,0
AUD000001327,2025-09-23,B002,99.80,0
AUD000001328,2025-09-23,B003,97.32,0
AUD000001329,2025-09-23,B004,85.63,0
AUD000001330,2025-09-23,B005,95.87,0
AUD000001331,2025-09-24,B001,90.17,0
AUD000001332,2025-09-24,B002,87.30,0
AUD000001333,2025-09-24,B003,91.58,0
AUD000001334,2025-09-24,B004,87.56,0
AUD000001335,2025-09-24,B005,92.00,0
AUD000001336,2025-09-25,B001,91.01,0
AUD000001337,2025-09-25,B002,92.72,0
AUD000001338,2025-09-25,B003,88.05,0
AUD000001339,2025-09-25,B004,90.73,0
AUD000001340,2025-09-25,B005,93.15,0
AUD000001341,2025-09-26,B001,92.87,0
AUD000001342,2025-09-26,B002,94.06,0
AUD000001343,2025-09-26,B003,88.93,0
AUD000001344,2025-09-26,B004,91.34,0
AUD000001345,2025-09-26,B005,89.93,0
AUD000001346,2025-09-27,B001,91.94,0
AUD000001347,2025-09-27,B002,94.98,0
AUD000001348,2025-09-27,B003,87.66,0
AUD000001349,2025-09-27,B004,93.56,0
AUD000001350,2025-09-27,B005,91.75,0
AUD000001351,2025-09-28,B001,92.58,0
AUD000001352,2025-09-28,B002,89.34,0
AUD000001353,2025-09-28,B003,88.98,0
AUD000001354,2025-09-28,B004,91.93,0
AUD000001355,2025-09-28,B005,91.88,0
AUD000001356,2025-09-29,B001,88.24,0
AUD000001357,2025-09-29,B002,88.50,0
AUD000001358,2025-09-29,B003,91.56,0
AUD000001359,2025-09-29,B004,95.79,0
AUD000001360,2025-09-29,B005,93.45,0
AUD000001361,2025-09-30,B001,86.15,0
AUD000001362,2025-09-30,B002,89.85,0
AUD000001363,2025-09-30,B003,87.80,0
AUD000001364,2025-09-30,B004,92.33,0
AUD000001365,2025-09-30,B005,91.27,0
AUD000001366,2025-10-01,B001,92.24,0
AUD000001367,2025-10-01,B002,87.93,0
AUD000001368,2025-10-01,B003,89.30,0
AUD000001369,2025-10-01,B004,89.01,0
AUD000001370,2025-10-01,B005,96.76,0
AUD000001371,2025-10-02,B001,94.02,0
AUD000001372,2025-10-02,B002,91.52,0
AUD000001373,2025-10-02,B003,91.36,0
AUD000001374,2025-10-02,B004,93.98,0
AUD000001375,2025-10-02,B005,93.57,0
AUD000001376,2025-10-03,B001,87.59,0
AUD000001377,2025-10-03,B002,96.24,0
AUD000001378,2025-10-03,B003,78.05,1
AUD000001379,2025-10-03,B004,92.63,0
AUD000001380,2025-10-03,B005,93.35,0
AUD000001381,2025-10-04,B001,90.84,0
AUD000001382,2025-10-04,B002,89.89,0
AUD000001383,2025-10-04,B003,94.71,0
AUD000001384,2025-10-04,B004,93.72,0
AUD000001385,2025-10-04,B005,85.46,0
AUD000001386,2025-10-05,B001,86.94,0
AUD000001387,2025-10-05,B002,91.88,0
AUD000001388,2025-10-05,B003,79.36,1
AUD000001389,2025-10-05,B004,96.49,0
AUD000001390,2025-10-05,B005,93.76,0
AUD000001391,2025-10-06,B001,89.04,0
AUD000001392,2025-10-06,B002,93.04,0
AUD000001393,2025-10-06,B003,95.86,0
AUD000001394,2025-10-06,B004,90.18,0
AUD000001395,2025-10-06,B005,90.56,0
AUD000001396,2025-10-07,B001,76.52,1
AUD000001397,2025-10-07,B002,90.03,0
AUD000001398,2025-10-07,B003,90.76,0
AUD000001399,2025-10-07,B004,95.62,0
AUD000001400,2025-10-07,B005,85.23,0
AUD000001401,2025-10-08,B001,93.17,0
AUD000001402,2025-10-08,B002,87.37,0
AUD000001403,2025-10-08,B003,89.56,0
AUD000001404,2025-10-08,B004,88.58,0
AUD000001405,2025-10-08,B005,85.73,0
AUD000001406,2025-10-09,B001,91.03,0
AUD000001407,2025-10-09,B002,95.45,0
AUD000001408,2025-10-09,B003,86.32,0
AUD000001409,2025-10-09,B004,87.12,0
AUD000001410,2025-10-09,B005,88.23,0
AUD000001411,2025-10-10,B001,90.57,0
AUD000001412,2025-10-10,B002,83.61,1
AUD000001413,2025-10-10,B003,90.53,0
AUD000001414,2025-10-10,B004,88.65,0
AUD000001415,2025-10-10,B005,95.72,0
AUD000001416,2025-10-11,B001,84.13,1
AUD000001417,2025-10-11,B002,95.06,0
AUD000001418,2025-10-11,B003,90.49,0
AUD000001419,2025-10-11,B004,89.34,0
AUD000001420,2025-10-11,B005,92.94,0
AUD000001421,2025-10-12,B001,92.63,0
AUD000001422,2025-10-12,B002,89.12,0
AUD000001423,2025-10-12,B003,92.46,0
AUD000001424,2025-10-12,B004,84.17,1
AUD000001425,2025-10-12,B005,89.81,0
AUD000001426,2025-10-13,B001,98.65,0
AUD000001427,2025-10-13,B002,90.73,0
AUD000001428,2025-10-13,B003,86.12,0
AUD000001429,2025-10-13,B004,94.21,0
AUD000001430,2025-10-13,B005,91.69,0
AUD000001431,2025-10-14,B001,89.14,0
AUD000001432,2025-10-14,B002,87.08,0
AUD000001433,2025-10-14,B003,96.94,0
AUD000001434,2025-10-14,B004,95.91,0
AUD000001435,2025-10-14,B005,97.45,0
AUD000001436,2025-10-15,B001,87.23,0
AUD000001437,2025-10-15,B002,92.34,0
AUD000001438,2025-10-15,B003,88.69,0
AUD000001439,2025-10-15,B004,90.93,0
AUD000001440,2025-10-15,B005,89.43,0
AUD000001441,2025-10-16,B001,92.64,0
AUD000001442,2025-10-16,B002,96.64,0
AUD000001443,2025-10-16,B003,91.20,0
AUD000001444,2025-10-16,B004,94.10,0
AUD000001445,2025-10-16,B005,82.83,1
AUD000001446,2025-10-17,B001,91.54,0
AUD000001447,2025-10-17,B002,89.59,0
AUD000001448,2025-10-17,B003,91.99,0
AUD000001449,2025-10-17,B004,89.73,0
AUD000001450,2025-10-17,B005,81.81,1
AUD000001451,2025-10-18,B001,95.42,0
AUD000001452,2025-10-18,B002,94.28,0
AUD000001453,2025-10-18,B003,91.05,0
AUD000001454,2025-10-18,B004,89.33,0
AUD000001455,2025-10-18,B005,72.10,1
AUD000001456,2025-10-19,B001,95.86,0
AUD000001457,2025-10-19,B002,93.28,0
AUD000001458,2025-10-19,B003,88.51,0
AUD000001459,2025-10-19,B004,92.38,0
AUD000001460,2025-10-19,B005,88.64,0
AUD000001461,2025-10-20,B001,86.79,0
AUD000001462,2025-10-20,B002,85.46,0
AUD000001463,2025-10-20,B003,90.76,0
AUD000001464,2025-10-20,B004,86.99,0
AUD000001465,2025-10-20,B005,89.29,0
AUD000001466,2025-10-21,B001,88.49,0
AUD000001467,2025-10-21,B002,98.48,0
AUD000001468,2025-10-21,B003,94.94,0
AUD000001469,2025-10-21,B004,92.50,0
AUD000001470,2025-10-21,B005,85.96,0
AUD000001471,2025-10-22,B001,93.41,0
AUD000001472,2025-10-22,B002,87.78,0
AUD000001473,2025-10-22,B003,93.73,0
AUD000001474,2025-10-22,B004,94.58,0
AUD000001475,2025-10-22,B005,86.03,0
AUD000001476,2025-10-23,B001,95.18,0
AUD000001477,2025-10-23,B002,88.47,0
AUD000001478,2025-10-23,B003,92.79,0
AUD000001479,2025-10-23,B004,80.56,1
AUD000001480,2025-10-23,B005,93.51,0
AUD000001481,2025-10-24,B001,92.70,0
AUD000001482,2025-10-24,B002,76.71,1
AUD000001483,2025-10-24,B003,90.77,0
AUD000001484,2025-10-24,B004,93.74,0
AUD000001485,2025-10-24,B005,94.69,0
AUD000001486,2025-10-25,B001,94.86,0
AUD000001487,2025-10-25,B002,92.10,0
AUD000001488,2025-10-25,B003,84.43,1
AUD000001489,2025-10-25,B004,97.20,0
AUD000001490,2025-10-25,B005,90.36,0
AUD000001491,2025-10-26,B001,96.15,0
AUD000001492,2025-10-26,B002,94.13,0
AUD000001493,2025-10-26,B003,91.45,0
AUD000001494,2025-10-26,B004,95.00,0
AUD000001495,2025-10-26,B005,90.95,0
AUD000001496,2025-10-27,B001,89.88,0
AUD000001497,2025-10-27,B002,95.04,0
AUD000001498,2025-10-27,B003,94.16,0
AUD000001499,2025-10-27,B004,91.11,0
AUD000001500,2025-10-27,B005,88.46,0
AUD000001501,2025-10-28,B001,88.42,0
AUD000001502,2025-10-28,B002,90.30,0
AUD000001503,2025-10-28,B003,91.40,0
AUD000001504,2025-10-28,B004,87.46,0
AUD000001505,2025-10-28,B005,92.56,0
AUD000001506,2025-10-29,B001,96.86,0
AUD000001507,2025-10-29,B002,88.41,0
AUD000001508,2025-10-29,B003,88.66,0
AUD000001509,2025-10-29,B004,90.41,0
AUD000001510,2025-10-29,B005,96.17,0
AUD000001511,2025-10-30,B001,93.98,0
AUD000001512,2025-10-30,B002,95.57,0
AUD000001513,2025-10-30,B003,96.45,0
AUD000001514,2025-10-30,B004,79.02,1
AUD000001515,2025-10-30,B005,85.00,0
AUD000001516,2025-10-31,B001,88.86,0
AUD000001517,2025-10-31,B002,98.77,0
AUD000001518,2025-10-31,B003,94.75,0
AUD000001519,2025-10-31,B004,88.99,0
AUD000001520,2025-10-31,B005,94.59,0
AUD000001521,2025-11-01,B001,95.83,0
AUD000001522,2025-11-01,B002,86.06,0
AUD000001523,2025-11-01,B003,94.23,0
AUD000001524,2025-11-01,B004,93.86,0
AUD000001525,2025-11-01,B005,84.57,1
AUD000001526,2025-11-02,B001,88.71,0
AUD000001527,2025-11-02,B002,92.72,0
AUD000001528,2025-11-02,B003,92.97,0
AUD000001529,2025-11-02,B004,89.67,0
AUD000001530,2025-11-02,B005,94.63,0
AUD000001531,2025-11-03,B001,91.54,0
AUD000001532,2025-11-03,B002,94.64,0
AUD000001533,2025-11-03,B003,87.62,0
AUD000001534,2025-11-03,B004,92.63,0
AUD000001535,2025-11-03,B005,94.93,0
AUD000001536,2025-11-04,B001,90.92,0
AUD000001537,2025-11-04,B002,90.72,0
AUD000001538,2025-11-04,B003,88.50,0
AUD000001539,2025-11-04,B004,96.82,0
AUD000001540,2025-11-04,B005,90.25,0
AUD000001541,2025-11-05,B001,94.91,0
AUD000001542,2025-11-05,B002,90.85,0
AUD000001543,2025-11-05,B003,88.36,0
AUD000001544,2025-11-05,B004,95.31,0
AUD000001545,2025-11-05,B005,89.01,0
AUD000001546,2025-11-06,B001,90.28,0
AUD000001547,2025-11-06,B002,89.34,0
AUD000001548,2025-11-06,B003,93.59,0
AUD000001549,2025-11-06,B004,92.30,0
AUD000001550,2025-11-06,B005,82.29,1
AUD000001551,2025-11-07,B001,91.92,0
AUD000001552,2025-11-07,B002,97.23,0
AUD000001553,2025-11-07,B003,95.88,0
AUD000001554,2025-11-07,B004,91.18,0
AUD000001555,2025-11-07,B005,78.16,1
AUD000001556,2025-11-08,B001,89.89,0
AUD000001557,2025-11-08,B002,85.96,0
AUD000001558,2025-11-08,B003,85.90,0
AUD000001559,2025-11-08,B004,96.88,0
AUD000001560,2025-11-08,B005,88.41,0
AUD000001561,2025-11-09,B001,85.23,0
AUD000001562,2025-11-09,B002,89.23,0
AUD000001563,2025-11-09,B003,89.51,0
AUD000001564,2025-11-09,B004,91.94,0
AUD000001565,2025-11-09,B005,90.28,0
AUD000001566,2025-11-10,B001,90.21,0
AUD000001567,2025-11-10,B002,97.21,0
AUD000001568,2025-11-10,B003,88.65,0
AUD000001569,2025-11-10,B004,85.23,0
AUD000001570,2025-11-10,B005,89.43,0
AUD000001571,2025-11-11,B001,93.11,0
AUD000001572,2025-11-11,B002,94.38,0
AUD000001573,2025-11-11,B003,91.13,0
AUD000001574,2025-11-11,B004,91.99,0
AUD000001575,2025-11-11,B005,95.41,0
AUD000001576,2025-11-12,B001,94.85,0
AUD000001577,2025-11-12,B002,93.31,0
AUD000001578,2025-11-12,B003,89.73,0
AUD000001579,2025-11-12,B004,90.39,0
AUD000001580,2025-11-12,B005,89.17,0
AUD000001581,2025-11-13,B001,90.40,0
AUD000001582,2025-11-13,B002,93.93,0
AUD000001583,2025-11-13,B003,86.36,0
AUD000001584,2025-11-13,B004,85.25,0
AUD000001585,2025-11-13,B005,90.91,0
AUD000001586,2025-11-14,B001,91.05,0
AUD000001587,2025-11-14,B002,88.50,0
AUD000001588,2025-11-14,B003,81.55,1
AUD000001589,2025-11-14,B004,96.49,0
AUD000001590,2025-11-14,B005,89.18,0
AUD000001591,2025-11-15,B001,94.31,0
AUD000001592,2025-11-15,B002,80.00,1
AUD000001593,2025-11-15,B003,94.97,0
AUD000001594,2025-11-15,B004,98.32,0
AUD000001595,2025-11-15,B005,92.31,0
AUD000001596,2025-11-16,B001,87.26,0
AUD000001597,2025-11-16,B002,90.17,0
AUD000001598,2025-11-16,B003,78.77,1
AUD000001599,2025-11-16,B004,91.90,0
AUD000001600,2025-11-16,B005,95.07,0
AUD000001601,2025-11-17,B001,96.65,0
AUD000001602,2025-11-17,B002,95.30,0
AUD000001603,2025-11-17,B003,89.11,0
AUD000001604,2025-11-17,B004,94.32,0
AUD000001605,2025-11-17,B005,92.84,0
AUD000001606,2025-11-18,B001,99.80,0
AUD000001607,2025-11-18,B002,92.08,0
AUD000001608,2025-11-18,B003,91.91,0
AUD000001609,2025-11-18,B004,94.33,0
AUD000001610,2025-11-18,B005,97.94,0
AUD000001611,2025-11-19,B001,86.61,0
AUD000001612,2025-11-19,B002,94.85,0
AUD000001613,2025-11-19,B003,87.81,0
AUD000001614,2025-11-19,B004,96.30,0
AUD000001615,2025-11-19,B005,90.86,0
AUD000001616,2025-11-20,B001,97.72,0
AUD000001617,2025-11-20,B002,92.20,0
AUD000001618,2025-11-20,B003,95.33,0
AUD000001619,2025-11-20,B004,99.23,0
AUD000001620,2025-11-20,B005,97.32,0
AUD000001621,2025-11-21,B001,94.00,0
AUD000001622,2025-11-21,B002,89.72,0
AUD000001623,2025-11-21,B003,86.54,0
AUD000001624,2025-11-21,B004,97.29,0
AUD000001625,2025-11-21,B005,95.45,0
AUD000001626,2025-11-22,B001,91.23,0
AUD000001627,2025-11-22,B002,80.48,1
AUD000001628,2025-11-22,B003,87.27,0
AUD000001629,2025-11-22,B004,95.34,0
AUD000001630,2025-11-22,B005,94.27,0
AUD000001631,2025-11-23,B001,94.86,0
AUD000001632,2025-11-23,B002,90.05,0
AUD000001633,2025-11-23,B003,92.05,0
AUD000001634,2025-11-23,B004,84.63,1
AUD000001635,2025-11-23,B005,89.01,0
AUD000001636,2025-11-24,B001,95.16,0
AUD000001637,2025-11-24,B002,92.20,0
AUD000001638,2025-11-24,B003,90.72,0
AUD000001639,2025-11-24,B004,91.65,0
AUD000001640,2025-11-24,B005,90.71,0
AUD000001641,2025-11-25,B001,89.40,0
AUD000001642,2025-11-25,B002,90.37,0
AUD000001643,2025-11-25,B003,77.69,1
AUD000001644,2025-11-25,B004,92.47,0
AUD000001645,2025-11-25,B005,92.37,0
AUD000001646,2025-11-26,B001,90.11,0
AUD000001647,2025-11-26,B002,87.17,0
AUD000001648,2025-11-26,B003,89.31,0
AUD000001649,2025-11-26,B004,94.11,0
AUD000001650,2025-11-26,B005,91.52,0
AUD000001651,2025-11-27,B001,98.42,0
AUD000001652,2025-11-27,B002,94.40,0
AUD000001653,2025-11-27,B003,82.77,1
AUD000001654,2025-11-27,B004,89.39,0
AUD000001655,2025-11-27,B005,92.77,0
AUD000001656,2025-11-28,B001,97.02,0
AUD000001657,2025-11-28,B002,90.99,0
AUD000001658,2025-11-28,B003,88.01,0
AUD000001659,2025-11-28,B004,88.22,0
AUD000001660,2025-11-28,B005,92.78,0
AUD000001661,2025-11-29,B001,90.95,0
AUD000001662,2025-11-29,B002,92.84,0
AUD000001663,2025-11-29,B003,89.54,0
AUD000001664,2025-11-29,B004,92.73,0
AUD000001665,2025-11-29,B005,93.49,0
AUD000001666,2025-11-30,B001,87.04,0
AUD000001667,2025-11-30,B002,95.83,0
AUD000001668,2025-11-30,B003,94.07,0
AUD000001669,2025-11-30,B004,92.33,0
AUD000001670,2025-11-30,B005,94.36,0
AUD000001671,2025-12-01,B001,87.72,0
AUD000001672,2025-12-01,B002,90.94,0
AUD000001673,2025-12-01,B003,94.50,0
AUD000001674,2025-12-01,B004,85.86,0
AUD000001675,2025-12-01,B005,89.14,0
AUD000001676,2025-12-02,B001,95.55,0
AUD000001677,2025-12-02,B002,89.16,0
AUD000001678,2025-12-02,B003,84.99,1
AUD000001679,2025-12-02,B004,92.05,0
AUD000001680,2025-12-02,B005,87.89,0
AUD000001681,2025-12-03,B001,91.81,0
AUD000001682,2025-12-03,B002,93.32,0
AUD000001683,2025-12-03,B003,84.42,1
AUD000001684,2025-12-03,B004,91.57,0
AUD000001685,2025-12-03,B005,79.43,1
AUD000001686,2025-12-04,B001,86.59,0
AUD000001687,2025-12-04,B002,88.20,0
AUD000001688,2025-12-04,B003,91.00,0
AUD000001689,2025-12-04,B004,95.72,0
AUD000001690,2025-12-04,B005,80.66,1
AUD000001691,2025-12-05,B001,91.62,0
AUD000001692,2025-12-05,B002,96.58,0
AUD000001693,2025-12-05,B003,91.92,0
AUD000001694,2025-12-05,B004,85.23,0
AUD000001695,2025-12-05,B005,90.23,0
AUD000001696,2025-12-06,B001,94.25,0
AUD000001697,2025-12-06,B002,91.89,0
AUD000001698,2025-12-06,B003,92.15,0
AUD000001699,2025-12-06,B004,91.02,0
AUD000001700,2025-12-06,B005,90.53,0
AUD000001701,2025-12-07,B001,96.10,0
AUD000001702,2025-12-07,B002,86.80,0
AUD000001703,2025-12-07,B003,95.63,0
AUD000001704,2025-12-07,B004,90.19,0
AUD000001705,2025-12-07,B005,88.59,0
AUD000001706,2025-12-08,B001,92.14,0
AUD000001707,2025-12-08,B002,92.02,0
AUD000001708,2025-12-08,B003,91.49,0
AUD000001709,2025-12-08,B004,94.07,0
AUD000001710,2025-12-08,B005,93.24,0
AUD000001711,2025-12-09,B001,91.38,0
AUD000001712,2025-12-09,B002,88.36,0
AUD000001713,2025-12-09,B003,97.57,0
AUD000001714,2025-12-09,B004,90.55,0
AUD000001715,2025-12-09,B005,89.89,0
AUD000001716,2025-12-10,B001,88.56,0
AUD000001717,2025-12-10,B002,94.45,0
AUD000001718,2025-12-10,B003,89.59,0
AUD000001719,2025-12-10,B004,93.17,0
AUD000001720,2025-12-10,B005,93.45,0
AUD000001721,2025-12-11,B001,90.43,0
AUD000001722,2025-12-11,B002,92.82,0
AUD000001723,2025-12-11,B003,92.81,0
AUD000001724,2025-12-11,B004,91.02,0
AUD000001725,2025-12-11,B005,93.71,0
AUD000001726,2025-12-12,B001,90.50,0
AUD000001727,2025-12-12,B002,78.56,1
AUD000001728,2025-12-12,B003,94.90,0
AUD000001729,2025-12-12,B004,95.53,0
AUD000001730,2025-12-12,B005,99.08,0
AUD000001731,2025-12-13,B001,97.98,0
AUD000001732,2025-12-13,B002,88.55,0
AUD000001733,2025-12-13,B003,88.22,0
AUD000001734,2025-12-13,B004,89.08,0
AUD000001735,2025-12-13,B005,93.21,0
AUD000001736,2025-12-14,B001,92.44,0
AUD000001737,2025-12-14,B002,98.98,0
AUD000001738,2025-12-14,B003,93.68,0
AUD000001739,2025-12-14,B004,86.30,0
AUD000001740,2025-12-14,B005,92.91,0
AUD000001741,2025-12-15,B001,94.50,0
AUD000001742,2025-12-15,B002,89.20,0
AUD000001743,2025-12-15,B003,93.47,0
AUD000001744,2025-12-15,B004,91.30,0
AUD000001745,2025-12-15,B005,90.40,0
AUD000001746,2025-12-16,B001,90.69,0
AUD000001747,2025-12-16,B002,95.19,0
AUD000001748,2025-12-16,B003,95.36,0
AUD000001749,2025-12-16,B004,88.44,0
AUD000001750,2025-12-16,B005,91.74,0
AUD000001751,2025-12-17,B001,91.02,0
AUD000001752,2025-12-17,B002,92.27,0
AUD000001753,2025-12-17,B003,95.34,0
AUD000001754,2025-12-17,B004,91.43,0
AUD000001755,2025-12-17,B005,90.83,0
AUD000001756,2025-12-18,B001,93.92,0
AUD000001757,2025-12-18,B002,87.18,0
AUD000001758,2025-12-18,B003,92.96,0
AUD000001759,2025-12-18,B004,99.80,0
AUD000001760,2025-12-18,B005,97.44,0
AUD000001761,2025-12-19,B001,93.59,0
AUD000001762,2025-12-19,B002,91.76,0
AUD000001763,2025-12-19,B003,87.24,0
AUD000001764,2025-12-19,B004,96.69,0
AUD000001765,2025-12-19,B005,96.98,0
AUD000001766,2025-12-20,B001,80.95,1
AUD000001767,2025-12-20,B002,85.42,0
AUD000001768,2025-12-20,B003,90.96,0
AUD000001769,2025-12-20,B004,95.72,0
AUD000001770,2025-12-20,B005,86.48,0
AUD000001771,2025-12-21,B001,95.19,0
AUD000001772,2025-12-21,B002,98.52,0
AUD000001773,2025-12-21,B003,97.83,0
AUD000001774,2025-12-21,B004,97.98,0
AUD000001775,2025-12-21,B005,90.83,0
AUD000001776,2025-12-22,B001,91.78,0
AUD000001777,2025-12-22,B002,82.92,1
AUD000001778,2025-12-22,B003,91.88,0
AUD000001779,2025-12-22,B004,95.40,0
AUD000001780,2025-12-22,B005,92.72,0
AUD000001781,2025-12-23,B001,86.49,0
AUD000001782,2025-12-23,B002,90.67,0
AUD000001783,2025-12-23,B003,90.51,0
AUD000001784,2025-12-23,B004,83.89,1
AUD000001785,2025-12-23,B005,96.45,0
AUD000001786,2025-12-24,B001,88.69,0
AUD000001787,2025-12-24,B002,97.01,0
AUD000001788,2025-12-24,B003,88.97,0
AUD000001789,2025-12-24,B004,94.29,0
AUD000001790,2025-12-24,B005,92.31,0
AUD000001791,2025-12-25,B001,97.20,0
AUD000001792,2025-12-25,B002,87.04,0
AUD000001793,2025-12-25,B003,95.06,0
AUD000001794,2025-12-25,B004,94.34,0
AUD000001795,2025-12-25,B005,93.46,0
AUD000001796,2025-12-26,B001,80.50,1
AUD000001797,2025-12-26,B002,86.26,0
AUD000001798,2025-12-26,B003,87.57,0
AUD000001799,2025-12-26,B004,88.64,0
AUD000001800,2025-12-26,B005,88.18,0
AUD000001801,2025-12-27,B001,88.49,0
AUD000001802,2025-12-27,B002,91.85,0
AUD000001803,2025-12-27,B003,86.23,0
AUD000001804,2025-12-27,B004,94.56,0
AUD000001805,2025-12-27,B005,93.04,0
AUD000001806,2025-12-28,B001,78.81,1
AUD000001807,2025-12-28,B002,99.80,0
AUD000001808,2025-12-28,B003,89.41,0
AUD000001809,2025-12-28,B004,91.46,0
AUD000001810,2025-12-28,B005,88.40,0
AUD000001811,2025-12-29,B001,84.97,1
AUD000001812,2025-12-29,B002,86.42,0
AUD000001813,2025-12-29,B003,88.05,0
AUD000001814,2025-12-29,B004,95.33,0
AUD000001815,2025-12-29,B005,86.49,0
AUD000001816,2025-12-30,B001,88.41,0
AUD000001817,2025-12-30,B002,86.37,0
AUD000001818,2025-12-30,B003,87.79,0
AUD000001819,2025-12-30,B004,91.35,0
AUD000001820,2025-12-30,B005,94.39,0
AUD000001821,2025-12-31,B001,93.83,0
AUD000001822,2025-12-31,B002,86.81,0
AUD000001823,2025-12-31,B003,93.56,0
AUD000001824,2025-12-31,B004,95.57,0
AUD000001825,2025-12-31,B005,99.08,0
